<?xml version="1.0"?>
<material>
  <Description>mat0</Description>
  <PerMeterCoverage>12</PerMeterCoverage>
  <SpecularPower>4</SpecularPower>
  <SpecularColor R="192" G="192" B="192" />
  <rFactorMaterialName>roada</rFactorMaterialName>
  <RacerSurface>grass</RacerSurface>
  <VisibilityType>0</VisibilityType>
  <ShaderType>DiffuseBumpSpecular</ShaderType>
  <TransparencyType>Chroma</TransparencyType>
  <TransparencyChromaColor R="0" G="255" B="255" />
  <DiffMap>
    <Path>Objects\Arbol1\Foliage_Trees_alba.png</Path>
    <texture_coordinate>
      <FlippedHorizontal>1</FlippedHorizontal>
      <FlippedVertical>1</FlippedVertical>
      <Angle>0</Angle>
      <scale x="1" y="1" />
      <offset x="0" y="0" />
    </texture_coordinate>
    <MIPBias>-1</MIPBias>
  </DiffMap>
  <BumpMap>
    <Path>Objects\Arbol1\Foliage_Trees_nm.png</Path>
    <texture_coordinate>
      <FlippedHorizontal>1</FlippedHorizontal>
      <FlippedVertical>1</FlippedVertical>
      <Angle>0</Angle>
      <scale x="1" y="1" />
      <offset x="0" y="0" />
    </texture_coordinate>
    <MIPBias>0</MIPBias>
  </BumpMap>
  <SpecMap>
    <Path>Objects\Arbol1\Foliage_Trees_aos.png</Path>
    <texture_coordinate>
      <FlippedHorizontal>1</FlippedHorizontal>
      <FlippedVertical>1</FlippedVertical>
      <Angle>0</Angle>
      <scale x="1" y="1" />
      <offset x="0" y="0" />
    </texture_coordinate>
    <MIPBias>0</MIPBias>
  </SpecMap>
</material>