<?xml version="1.0"?>
<Object>
  <Description>Bush5</Description>
  <Collisions>False</Collisions>
  <Moveable>True</Moveable>
  <MoveablePart>Sign</MoveablePart>
  <Shadow>Caster</Shadow>
  <ShadowCast>Texture</ShadowCast>
  <LODIn>0</LODIn>
  <LODOut>2000</LODOut>
  <SeparationGroup>Bush5</SeparationGroup>
  <SeparationMinDistance>100</SeparationMinDistance>
  <PolyLists>
    <PolyList>
      <Material Path="Objects\Arbol1\mat0" />
      <Vertices>
        <Positions><![CDATA[-3.21209 2.330027 0 2.882091 0 0 -3.21209 0 0 2.882091 2.330027 0 -3.21209 4.660054 0 2.882091 4.660054 0 ]]></Positions>
        <Normals><![CDATA[0 1 0 0 1 0 0 1 0 0 1 0 0 1 0 0 1 0 ]]></Normals>
        <UV0><![CDATA[0.9988313 -1.341737 0.8787602 -1.249921 0.9988313 -1.249921 0.8787602 -1.341737 0.9988313 -1.433552 0.8787602 -1.433552 ]]></UV0>
      </Vertices>
      <FaceIndices><![CDATA[0 2 1 1 3 0 4 0 3 3 5 4 ]]></FaceIndices>
    </PolyList>
  </PolyLists>
</Object>