<?xml version="1.0"?>
<Object>
  <Description>Bush7</Description>
  <Collisions>False</Collisions>
  <Moveable>True</Moveable>
  <MoveablePart>Sign</MoveablePart>
  <Shadow>Caster</Shadow>
  <ShadowCast>Texture</ShadowCast>
  <LODIn>0</LODIn>
  <LODOut>2000</LODOut>
  <SeparationGroup>Bush6</SeparationGroup>
  <SeparationMinDistance>100</SeparationMinDistance>
  <PolyLists>
    <PolyList>
      <Material Path="Objects\Arbol1\mat0" />
      <Vertices>
        <Positions><![CDATA[-3.042091 1.460027 0 3.192091 0 0 -3.042091 0 0 3.192091 1.460027 0 -3.042091 2.920053 0 3.192091 2.920053 0 ]]></Positions>
        <Normals><![CDATA[0 1 0 0 1 0 0 1 0 0 1 0 0 1 0 0 1 0 ]]></Normals>
        <UV0><![CDATA[0.7486765 -1.307591 0.6258469 -1.250058 0.7486765 -1.250058 0.6258469 -1.307591 0.7486765 -1.365124 0.625847 -1.365124 ]]></UV0>
      </Vertices>
      <FaceIndices><![CDATA[0 2 1 1 3 0 4 0 3 3 5 4 ]]></FaceIndices>
    </PolyList>
  </PolyLists>
</Object>