<?xml version="1.0"?>
<Object>
  <Description>LargeTree4</Description>
  <Collisions>False</Collisions>
  <Moveable>True</Moveable>
  <MoveablePart>Sign</MoveablePart>
  <ReceiveLighting>True</ReceiveLighting>
  <Shadow>Caster</Shadow>
  <ShadowCast>Texture</ShadowCast>
  <LODIn>0</LODIn>
  <LODOut>2000</LODOut>
  <SeparationGroup>LargeTree4</SeparationGroup>
  <SeparationMinDistance>100</SeparationMinDistance>
  <PolyLists>
    <PolyList>
      <Material Path="Objects\Arbol1\mat0" />
      <Vertices>
        <Positions><![CDATA[-4.783603 6.082736 0 4.333603 0 0 -4.783603 0 0 4.333603 6.082736 0 4.333603 12.16547 0 -4.783603 12.16547 0 ]]></Positions>
        <Normals><![CDATA[0 1 0 0 1 0 0 1 0 0 1 0 0 1 0 0 1 0 ]]></Normals>
        <UV0><![CDATA[-0.7770293 -1.747123 -0.9627874 -1.499249 -0.7770274 -1.499255 -0.9627894 -1.747117 -0.9627913 -1.994984 -0.7770312 -1.99499 ]]></UV0>
      </Vertices>
      <FaceIndices><![CDATA[0 2 1 1 3 0 0 3 4 4 5 0 ]]></FaceIndices>
    </PolyList>
  </PolyLists>
</Object>