<?xml version="1.0"?>
<Object>
  <Description>Bush8</Description>
  <Collisions>False</Collisions>
  <Moveable>True</Moveable>
  <MoveablePart>Sign</MoveablePart>
  <Shadow>Caster</Shadow>
  <ShadowCast>Texture</ShadowCast>
  <LODIn>0</LODIn>
  <LODOut>2000</LODOut>
  <SeparationGroup>Bush8</SeparationGroup>
  <SeparationMinDistance>100</SeparationMinDistance>
  <PolyLists>
    <PolyList>
      <Material Path="Objects\Arbol1\mat0" />
      <Vertices>
        <Positions><![CDATA[-2.632091 3.240054 0 3.632091 0 0 -2.632091 0 0 3.632091 3.240054 0 ]]></Positions>
        <Normals><![CDATA[0 1 0 0 1 0 0 1 0 0 1 0 ]]></Normals>
        <UV0><![CDATA[0.6246567 -1.377332 0.5012359 -1.249657 0.6246567 -1.249657 0.501236 -1.377333 ]]></UV0>
      </Vertices>
      <FaceIndices><![CDATA[0 2 1 1 3 0 ]]></FaceIndices>
    </PolyList>
  </PolyLists>
</Object>