<?xml version="1.0"?>
<Object>
  <Description>LargeTree8</Description>
  <Collisions>False</Collisions>
  <Moveable>True</Moveable>
  <MoveablePart>Sign</MoveablePart>
  <ReceiveLighting>True</ReceiveLighting>
  <Shadow>Caster</Shadow>
  <ShadowCast>Texture</ShadowCast>
  <LODIn>0</LODIn>
  <LODOut>2000</LODOut>
  <SeparationGroup>LargeTree8</SeparationGroup>
  <SeparationMinDistance>100</SeparationMinDistance>
  <PolyLists>
    <PolyList>
      <Material Path="Objects\Arbol1\mat0" />
      <Vertices>
        <Positions><![CDATA[-2.983603 5.983912 0 2.513603 0 0 -2.983603 0 0 2.513603 5.983912 0 2.513603 11.96782 0 -2.983603 11.96782 0 ]]></Positions>
        <Normals><![CDATA[0 1 0 0 1 0 0 1 0 0 1 0 0 1 0 0 1 0 ]]></Normals>
        <UV0><![CDATA[-1.377364 -1.744073 -1.489367 -1.500228 -1.377362 -1.500232 -1.489368 -1.744069 -1.48937 -1.98791 -1.377366 -1.987914 ]]></UV0>
      </Vertices>
      <FaceIndices><![CDATA[0 2 1 1 3 0 0 3 4 4 5 0 ]]></FaceIndices>
    </PolyList>
  </PolyLists>
</Object>