<?xml version="1.0"?>
<Object>
  <Description>LargeTree7</Description>
  <Collisions>False</Collisions>
  <Moveable>True</Moveable>
  <MoveablePart>Sign</MoveablePart>
  <ReceiveLighting>True</ReceiveLighting>
  <Shadow>Caster</Shadow>
  <ShadowCast>Texture</ShadowCast>
  <LODIn>0</LODIn>
  <LODOut>2000</LODOut>
  <SeparationGroup>LargeTree7</SeparationGroup>
  <SeparationMinDistance>100</SeparationMinDistance>
  <PolyLists>
    <PolyList>
      <Material Path="Objects\Arbol1\mat0" />
      <Vertices>
        <Positions><![CDATA[-3.333603 5.613912 0 3.193603 0 0 -3.333603 0 0 3.193603 5.613912 0 3.193603 11.22782 0 -3.333603 11.22782 0 ]]></Positions>
        <Normals><![CDATA[0 1 0 0 1 0 0 1 0 0 1 0 0 1 0 0 1 0 ]]></Normals>
        <UV0><![CDATA[-1.244289 -1.73072 -1.377277 -1.501952 -1.244287 -1.501956 -1.377279 -1.730716 -1.37728 -1.959479 -1.24429 -1.959484 ]]></UV0>
      </Vertices>
      <FaceIndices><![CDATA[0 2 1 1 3 0 0 3 4 4 5 0 ]]></FaceIndices>
    </PolyList>
  </PolyLists>
</Object>