<?xml version="1.0"?>
<Object>
  <Description>LargeTree2</Description>
  <Collisions>False</Collisions>
  <Moveable>True</Moveable>
  <MoveablePart>Sign</MoveablePart>
  <ReceiveLighting>True</ReceiveLighting>
  <Shadow>Caster</Shadow>
  <ShadowCast>Texture</ShadowCast>
  <LODIn>0</LODIn>
  <LODOut>2000</LODOut>
  <SeparationGroup>LargeTree2</SeparationGroup>
  <SeparationMinDistance>100</SeparationMinDistance>
  <PolyLists>
    <PolyList>
      <Material Path="Objects\Arbol1\mat0" />
      <Vertices>
        <Positions><![CDATA[-3.903603 6.002736 -3.205931E-31 5.233603 0 0 -3.903603 0 0 5.233603 6.002736 -3.205931E-31 -3.903603 12.00547 -6.411861E-31 5.233603 12.00547 -6.411861E-31 ]]></Positions>
        <Normals><![CDATA[0 1 0 0 1 0 0 1 0 0 1 0 0 1 0 0 1 0 ]]></Normals>
        <UV0><![CDATA[-0.5458664 -1.244098 -0.7320318 -0.9994845 -0.5458645 -0.999491 -0.7320337 -1.244092 -0.5458684 -1.488706 -0.7320357 -1.4887 ]]></UV0>
      </Vertices>
      <FaceIndices><![CDATA[0 2 1 1 3 0 4 0 3 3 5 4 ]]></FaceIndices>
    </PolyList>
  </PolyLists>
</Object>