<?xml version="1.0"?>
<Object>
  <Description>LargeTree5</Description>
  <Collisions>False</Collisions>
  <Moveable>True</Moveable>
  <MoveablePart>Sign</MoveablePart>
  <ReceiveLighting>True</ReceiveLighting>
  <Shadow>Caster</Shadow>
  <ShadowCast>Texture</ShadowCast>
  <LODIn>0</LODIn>
  <LODOut>2000</LODOut>
  <SeparationGroup>LargeTree5</SeparationGroup>
  <SeparationMinDistance>100</SeparationMinDistance>
  <PolyLists>
    <PolyList>
      <Material Path="Objects\Arbol1\mat0" />
      <Vertices>
        <Positions><![CDATA[-2.113603 6.107736 0 1.943603 0 0 -2.113603 0 0 1.943603 6.107736 0 1.943603 12.21547 0 -2.113603 12.21547 0 ]]></Positions>
        <Normals><![CDATA[0 1 0 0 1 0 0 1 0 0 1 0 0 1 0 0 1 0 ]]></Normals>
        <UV0><![CDATA[-1.019254 -1.748112 -1.101917 -1.499222 -1.019252 -1.499225 -1.101919 -1.748109 -1.10192 -1.996995 -1.019256 -1.996998 ]]></UV0>
      </Vertices>
      <FaceIndices><![CDATA[0 2 1 1 3 0 0 3 4 4 5 0 ]]></FaceIndices>
    </PolyList>
  </PolyLists>
</Object>