<?xml version="1.0"?>
<Object>
  <Description>LargeTree1</Description>
  <Collisions>False</Collisions>
  <Moveable>True</Moveable>
  <MoveablePart>Sign</MoveablePart>
  <ReceiveLighting>True</ReceiveLighting>
  <Shadow>Caster</Shadow>
  <ShadowCast>Texture</ShadowCast>
  <LODIn>0</LODIn>
  <LODOut>2000</LODOut>
  <SeparationGroup>LargeTree1</SeparationGroup>
  <SeparationMinDistance>100</SeparationMinDistance>
  <PolyLists>
    <PolyList>
      <Material Path="Objects\Arbol1\mat0" />
      <Vertices>
        <Positions><![CDATA[-4.853603 6.077736 0 4.853603 0 0 -4.853603 0 0 4.853603 6.077736 0 -4.853603 12.15547 0 4.853603 12.15547 0 ]]></Positions>
        <Normals><![CDATA[0 1 0 0 1 0 0 1 0 0 1 0 0 1 0 0 1 0 ]]></Normals>
        <UV0><![CDATA[-0.776866 -1.246276 -0.9746452 -0.9986058 -0.7768641 -0.9986127 -0.9746472 -1.24627 -0.776868 -1.49394 -0.9746491 -1.493934 ]]></UV0>
      </Vertices>
      <FaceIndices><![CDATA[0 2 1 1 3 0 4 0 3 3 5 4 ]]></FaceIndices>
    </PolyList>
  </PolyLists>
</Object>