<?xml version="1.0"?>
<Object>
  <Description>LargeTree6</Description>
  <Collisions>False</Collisions>
  <Moveable>True</Moveable>
  <MoveablePart>Sign</MoveablePart>
  <ReceiveLighting>True</ReceiveLighting>
  <Shadow>Caster</Shadow>
  <ShadowCast>Texture</ShadowCast>
  <LODIn>0</LODIn>
  <LODOut>2000</LODOut>
  <SeparationGroup>LargeTree6</SeparationGroup>
  <SeparationMinDistance>100</SeparationMinDistance>
  <PolyLists>
    <PolyList>
      <Material Path="Objects\Arbol1\mat0" />
      <Vertices>
        <Positions><![CDATA[-2.253603 6.123911 0 1.723603 0 0 -2.253603 0 0 1.723603 6.123911 0 1.723603 12.24782 0 -2.253603 12.24782 0 ]]></Positions>
        <UV0><![CDATA[-1.140919 -1.74943 -1.221951 -1.499882 -1.140917 -1.499884 -1.221954 -1.749427 -1.221955 -1.998973 -1.140921 -1.998976 ]]></UV0>
      </Vertices>
      <FaceIndices><![CDATA[0 2 1 1 3 0 0 3 4 4 5 0 ]]></FaceIndices>
    </PolyList>
  </PolyLists>
</Object>