<?xml version="1.0"?>
<Object>
  <Description>Bush3</Description>
  <Collisions>False</Collisions>
  <Moveable>True</Moveable>
  <MoveablePart>Sign</MoveablePart>
  <Shadow>Caster</Shadow>
  <ShadowCast>Texture</ShadowCast>
  <LODIn>0</LODIn>
  <LODOut>2000</LODOut>
  <SeparationGroup>Bush3</SeparationGroup>
  <SeparationMinDistance>100</SeparationMinDistance>
  <PolyLists>
    <PolyList>
      <Material Path="Objects\Arbol1\mat0" />
      <Vertices>
        <Positions><![CDATA[-3.00209 2.150027 0 3.21209 0 0 -3.00209 0 0 3.21209 2.150027 0 -3.00209 4.300054 0 3.21209 4.300054 0 ]]></Positions>
        <Normals><![CDATA[0 1 0 0 1 0 0 1 0 0 1 0 0 1 0 0 1 0 ]]></Normals>
        <UV0><![CDATA[0.7471563 -1.085008 0.6247207 -1.000286 0.7471562 -1.000286 0.6247207 -1.085008 0.7471563 -1.16973 0.6247208 -1.16973 ]]></UV0>
      </Vertices>
      <FaceIndices><![CDATA[0 2 1 1 3 0 4 0 3 3 5 4 ]]></FaceIndices>
    </PolyList>
  </PolyLists>
</Object>